{
  "data": {
    "mon": {
      "BUS 107": {
        "12": 863,
        "13": 863,
        "14": 863,
        "15": 1022,
        "16": 1022,
        "18": 991
      },
      "BUS 114": {
        "15": 1022,
        "16": 1022
      },
      "BUS 118": {
        "9": 351,
        "10": 351,
        "16": 862,
        "17": 862
      },
      "BUS 207": {
        "13": 862,
        "14": 862,
        "15": 862,
        "16": 862,
        "18": 24,
        "19": 24
      },
      "BUS 215": {
        "12": 863,
        "13": 863,
        "14": 863,
        "15": 863,
        "16": 863,
        "17": 863,
        "18": 24,
        "19": 24
      },
      "BUS 219": {
        "12": 863,
        "13": 863,
        "14": 63,
        "15": 1022,
        "16": 1022,
        "17": 863,
        "18": 863
      },
      "Sqhouse109": {},
      "Sqhous109A": {},
      "Sqhouse114": {
        "15": 895,
        "16": 895
      },
      "Sqhouse115": {
        "10": 863,
        "11": 863,
        "12": 863,
        "13": 863,
        "14": 863,
        "15": 895,
        "16": 895
      },
      "Sqhouse203": {
        "15": 1022,
        "16": 1022
      },
      "Sqhouse205": {
        "7": 1023,
        "8": 1023,
        "9": 1023,
        "10": 1023,
        "11": 1023,
        "12": 1023,
        "13": 1023,
        "14": 1023,
        "15": 1023,
        "16": 1023,
        "17": 1023,
        "18": 1023,
        "19": 1023,
        "20": 1023,
        "21": 1023
      },
      "Sqhouse206": {
        "15": 1022,
        "16": 1022
      },
      "Sqhouse207": {
        "7": 1023,
        "8": 1023,
        "9": 1023,
        "10": 1023,
        "11": 1023,
        "12": 1023,
        "13": 1023,
        "14": 1023,
        "15": 1023,
        "16": 1023,
        "17": 1023,
        "18": 1023,
        "19": 1023,
        "20": 1023,
        "21": 1023
      },
      "Sqhouse208": {
        "7": 1023,
        "8": 1023,
        "9": 1023,
        "10": 1023,
        "11": 1023,
        "12": 1023,
        "13": 1023,
        "14": 1023,
        "15": 1023,
        "16": 1023,
        "17": 1023,
        "18": 1023,
        "19": 1023,
        "20": 1023,
        "21": 1023
      },
      "Sqhouse211": {
        "7": 1023,
        "8": 1023,
        "9": 1023,
        "10": 1023,
        "11": 1023,
        "12": 1023,
        "13": 1023,
        "14": 1023,
        "15": 1023,
        "16": 1023,
        "17": 1023,
        "18": 1023,
        "19": 1023,
        "20": 1023,
        "21": 1023
      },
      "Sqhouse214": {
        "7": 1023,
        "8": 1023,
        "9": 1023,
        "10": 1023,
        "11": 1023,
        "12": 1023,
        "13": 1023,
        "14": 1023,
        "15": 1023,
        "16": 1023,
        "17": 1023,
        "18": 1023,
        "19": 1023,
        "20": 1023,
        "21": 1023
      },
      "Sqhouse215": {
        "9": 8,
        "10": 8,
        "11": 8,
        "12": 8,
        "13": 8,
        "14": 8,
        "15": 8
      },
      "Sqhouse217": {
        "7": 1023,
        "8": 1023,
        "9": 1023,
        "10": 1023,
        "11": 1023,
        "12": 1023,
        "13": 1023,
        "14": 1023,
        "15": 1023,
        "16": 1023,
        "17": 1023,
        "18": 1023,
        "19": 1023,
        "20": 1023,
        "21": 1023
      },
      "Sqhouse218": {
        "7": 1023,
        "8": 1023,
        "9": 1023,
        "10": 1023,
        "11": 1023,
        "12": 1023,
        "13": 1023,
        "14": 1023,
        "15": 1023,
        "16": 1023,
        "17": 1023,
        "18": 1023,
        "19": 1023,
        "20": 1023,
        "21": 1023
      },
      "Law 101": {
        "9": 863,
        "10": 863,
        "11": 863,
        "12": 863,
        "14": 863,
        "15": 863,
        "16": 863,
        "17": 863,
        "18": 4,
        "19": 12,
        "20": 8,
        "21": 8
      },
      "Law 111": {
        "11": 863,
        "12": 863,
        "14": 863,
        "15": 863,
        "16": 895,
        "17": 1022,
        "18": 1022,
        "19": 1022,
        "20": 1022
      },
      "Law 162": {
        "16": 863,
        "17": 863,
        "18": 863,
        "19": 863
      },
      "Law 163": {
        "14": 863,
        "15": 863,
        "16": 863,
        "17": 863,
        "18": 8,
        "19": 8
      },
      "Law 201": {
        "14": 863,
        "15": 863,
        "16": 863,
        "17": 863,
        "18": 12,
        "19": 12,
        "20": 4
      },
      "Law 202": {
        "11": 863,
        "12": 863,
        "16": 863,
        "17": 863,
        "18": 863,
        "19": 863
      },
      "Law 203": {
        "9": 254,
        "11": 863,
        "12": 863,
        "14": 856,
        "15": 4,
        "16": 862,
        "17": 6,
        "18": 14,
        "19": 14,
        "20": 6,
        "21": 2
      },
      "Law 275": {
        "9": 863,
        "10": 863,
        "14": 863,
        "15": 863,
        "16": 863,
        "17": 863,
        "18": 863,
        "19": 863
      },
      "Law 276": {
        "9": 863,
        "10": 863,
        "11": 863,
        "12": 863,
        "14": 863,
        "15": 863,
        "16": 863,
        "17": 863,
        "18": 12,
        "19": 12
      },
      "Law 301": {
        "11": 863,
        "12": 863,
        "14": 895,
        "16": 863,
        "17": 863,
        "18": 8,
        "19": 8,
        "20": 8
      },
      "Law 302": {
        "11": 863,
        "12": 863,
        "14": 863,
        "15": 863,
        "16": 895,
        "17": 1022,
        "18": 1022,
        "19": 1022,
        "20": 1022
      },
      "Law 388": {
        "15": 895,
        "16": 895,
        "18": 863,
        "19": 863
      },
      "Law 389": {
        "11": 863,
        "12": 863,
        "15": 895,
        "16": 895,
        "17": 1022,
        "18": 1022,
        "19": 1022,
        "20": 1022
      },
      "Law G17": {
        "13": 8,
        "15": 895,
        "16": 895,
        "17": 8,
        "18": 12,
        "19": 12,
        "20": 8
      },
      "Webst 250": {
        "9": 863,
        "15": 895,
        "16": 895
      },
      "Webst 251": {
        "11": 863,
        "12": 863,
        "13": 863,
        "14": 863,
        "16": 863,
        "17": 863
      },
      "Webst 256": {
        "9": 63,
        "14": 1022,
        "15": 1022,
        "16": 1022
      },
      "Webst 302": {
        "13": 863,
        "14": 863,
        "15": 1022,
        "16": 1022
      },
      "Block G13": {
        "15": 895,
        "16": 895
      },
      "Block G14": {
        "11": 863,
        "12": 863,
        "17": 4,
        "18": 4,
        "19": 4,
        "20": 4
      },
      "Block G15": {
        "15": 895,
        "16": 895
      },
      "Block G16": {
        "9": 254,
        "15": 895,
        "16": 895
      },
      "Block G6": {
        "7": 1023,
        "8": 1023,
        "9": 1023,
        "10": 1023,
        "11": 1023,
        "12": 1023,
        "13": 1023,
        "14": 1023,
        "15": 1023,
        "16": 1023,
        "17": 1023,
        "18": 1023,
        "19": 1023,
        "20": 1023,
        "21": 1023
      },
      "TETB G16": {
        "9": 512,
        "10": 512,
        "11": 512,
        "12": 512,
        "13": 512,
        "14": 512,
        "15": 1023,
        "16": 895,
        "17": 895,
        "18": 895,
        "19": 895
      }
    },
    "tue": {
      "BUS 107": {
        "9": 991,
        "10": 991,
        "11": 991,
        "12": 1023,
        "13": 1023,
        "14": 991,
        "15": 991,
        "16": 991,
        "18": 991
      },
      "BUS 114": {
        "13": 991,
        "14": 991
      },
      "BUS 118": {
        "15": 991,
        "16": 991,
        "17": 991
      },
      "BUS 207": {
        "12": 991,
        "13": 991,
        "14": 991,
        "16": 991,
        "17": 991,
        "18": 24,
        "19": 24
      },
      "BUS 215": {
        "12": 479,
        "13": 479,
        "14": 479,
        "15": 991,
        "16": 991
      },
      "BUS 219": {
        "14": 927,
        "15": 927
      },
      "Sqhouse109": {},
      "Sqhous109A": {},
      "Sqhouse114": {
        "15": 991,
        "16": 991,
        "17": 991,
        "18": 1,
        "19": 1,
        "20": 1
      },
      "Sqhouse115": {
        "13": 991,
        "14": 991,
        "16": 990,
        "17": 990,
        "18": 1022,
        "19": 1022
      },
      "Sqhouse203": {
        "10": 1023,
        "11": 1023,
        "12": 1023,
        "13": 1023,
        "14": 991,
        "15": 991,
        "16": 991
      },
      "Sqhouse205": {
        "7": 1023,
        "8": 1023,
        "9": 1023,
        "10": 1023,
        "11": 1023,
        "12": 1023,
        "13": 1023,
        "14": 1023,
        "15": 1023,
        "16": 1023,
        "17": 1023,
        "18": 1023,
        "19": 1023,
        "20": 1023,
        "21": 1023
      },
      "Sqhouse206": {
        "14": 991,
        "15": 991,
        "16": 991
      },
      "Sqhouse207": {
        "7": 1023,
        "8": 1023,
        "9": 1023,
        "10": 1023,
        "11": 1023,
        "12": 1023,
        "13": 1023,
        "14": 1023,
        "15": 1023,
        "16": 1023,
        "17": 1023,
        "18": 1023,
        "19": 1023,
        "20": 1023,
        "21": 1023
      },
      "Sqhouse208": {
        "7": 1023,
        "8": 1023,
        "9": 1023,
        "10": 1023,
        "11": 1023,
        "12": 1023,
        "13": 1023,
        "14": 1023,
        "15": 1023,
        "16": 1023,
        "17": 1023,
        "18": 1023,
        "19": 1023,
        "20": 1023,
        "21": 1023
      },
      "Sqhouse211": {
        "7": 1023,
        "8": 1023,
        "9": 1023,
        "10": 1023,
        "11": 1023,
        "12": 1023,
        "13": 1023,
        "14": 1023,
        "15": 1023,
        "16": 1023,
        "17": 1023,
        "18": 1023,
        "19": 1023,
        "20": 1023,
        "21": 1023
      },
      "Sqhouse214": {
        "7": 1023,
        "8": 1023,
        "9": 1023,
        "10": 1023,
        "11": 1023,
        "12": 1023,
        "13": 1023,
        "14": 1023,
        "15": 1023,
        "16": 1023,
        "17": 1023,
        "18": 1023,
        "19": 1023,
        "20": 1023,
        "21": 1023
      },
      "Sqhouse215": {
        "14": 682,
        "15": 682,
        "16": 682
      },
      "Sqhouse217": {
        "7": 1023,
        "8": 1023,
        "9": 1023,
        "10": 1023,
        "11": 1023,
        "12": 1023,
        "13": 1023,
        "14": 1023,
        "15": 1023,
        "16": 1023,
        "17": 1023,
        "18": 1023,
        "19": 1023,
        "20": 1023,
        "21": 1023
      },
      "Sqhouse218": {
        "7": 1023,
        "8": 1023,
        "9": 1023,
        "10": 1023,
        "11": 1023,
        "12": 1023,
        "13": 1023,
        "14": 1023,
        "15": 1023,
        "16": 1023,
        "17": 1023,
        "18": 1023,
        "19": 1023,
        "20": 1023,
        "21": 1023
      },
      "Law 101": {
        "13": 984,
        "14": 984,
        "15": 984,
        "19": 8,
        "20": 8,
        "21": 8
      },
      "Law 111": {
        "11": 991,
        "12": 991,
        "18": 8,
        "19": 8
      },
      "Law 162": {
        "9": 991,
        "10": 991,
        "11": 991,
        "12": 991,
        "14": 991,
        "15": 991,
        "18": 24,
        "19": 24,
        "20": 24
      },
      "Law 163": {
        "9": 991,
        "10": 991,
        "11": 991,
        "12": 991,
        "16": 991,
        "17": 991,
        "18": 24,
        "19": 24,
        "20": 24
      },
      "Law 201": {
        "9": 991,
        "10": 991,
        "11": 126,
        "12": 8,
        "13": 8,
        "14": 991,
        "15": 991,
        "16": 991,
        "17": 991,
        "18": 991,
        "19": 991
      },
      "Law 202": {
        "11": 991,
        "12": 991,
        "15": 991,
        "16": 991,
        "17": 991,
        "18": 991,
        "19": 991
      },
      "Law 203": {
        "10": 2,
        "11": 991,
        "12": 991,
        "13": 991,
        "14": 991,
        "15": 991,
        "16": 991,
        "17": 991,
        "18": 8,
        "19": 8
      },
      "Law 275": {
        "9": 991,
        "10": 991,
        "14": 991,
        "15": 991,
        "16": 1,
        "17": 9,
        "18": 9,
        "19": 9,
        "20": 8
      },
      "Law 276": {
        "9": 991,
        "10": 991,
        "12": 666,
        "13": 666,
        "14": 991,
        "15": 991,
        "16": 991,
        "17": 991,
        "18": 991,
        "19": 991
      },
      "Law 301": {
        "9": 991,
        "10": 991,
        "11": 991,
        "12": 991,
        "13": 991,
        "15": 991,
        "16": 991,
        "17": 991,
        "18": 8,
        "19": 8
      },
      "Law 302": {
        "9": 991,
        "10": 991,
        "11": 991,
        "12": 991,
        "14": 991,
        "15": 991,
        "16": 991,
        "17": 991,
        "18": 991,
        "19": 991
      },
      "Law 388": {
        "9": 991,
        "10": 991,
        "11": 991,
        "12": 991,
        "14": 991,
        "15": 991,
        "18": 991,
        "19": 991
      },
      "Law 389": {
        "9": 991,
        "10": 991,
        "11": 991,
        "12": 991,
        "13": 991,
        "14": 991,
        "15": 991,
        "17": 661,
        "18": 669,
        "19": 520
      },
      "Law G17": {
        "10": 991,
        "11": 991,
        "12": 1023,
        "13": 1023,
        "14": 991,
        "16": 991,
        "17": 991
      },
      "Webst 250": {
        "10": 991,
        "11": 991,
        "14": 990,
        "15": 990,
        "16": 990,
        "17": 991
      },
      "Webst 251": {
        "13": 990,
        "14": 990,
        "16": 1023,
        "17": 1023
      },
      "Webst 256": {
        "10": 63
      },
      "Webst 302": {
        "9": 1023,
        "10": 1023,
        "11": 1023,
        "12": 991,
        "13": 991,
        "14": 991
      },
      "Block G13": {
        "11": 1,
        "12": 1,
        "13": 1,
        "14": 479,
        "15": 479,
        "16": 1022,
        "17": 1022
      },
      "Block G14": {
        "12": 479,
        "13": 479,
        "14": 479,
        "15": 1023,
        "16": 1023,
        "17": 1023
      },
      "Block G15": {
        "12": 991,
        "13": 991,
        "16": 1023,
        "17": 1023,
        "18": 1023
      },
      "Block G16": {
        "9": 1022,
        "11": 255,
        "12": 255,
        "13": 1,
        "14": 1,
        "15": 1,
        "16": 1023,
        "17": 1023,
        "18": 1023
      },
      "Block G6": {
        "7": 1023,
        "8": 1023,
        "9": 1023,
        "10": 1023,
        "11": 1023,
        "12": 1023,
        "13": 1023,
        "14": 1023,
        "15": 1023,
        "16": 1023,
        "17": 1023,
        "18": 1023,
        "19": 1023,
        "20": 1023,
        "21": 1023
      },
      "TETB G16": {
        "11": 1023,
        "12": 1023,
        "13": 991,
        "14": 991
      }
    },
    "wed": {
      "BUS 107": {
        "10": 991,
        "11": 991,
        "12": 991,
        "13": 991
      },
      "BUS 114": {
        "11": 991,
        "12": 991,
        "13": 991,
        "14": 991,
        "15": 990,
        "16": 990,
        "17": 990
      },
      "BUS 118": {
        "9": 991,
        "10": 991,
        "11": 991,
        "12": 991,
        "13": 991,
        "14": 926,
        "15": 926,
        "16": 510,
        "17": 510
      },
      "BUS 207": {
        "9": 991,
        "10": 991,
        "11": 991,
        "12": 991,
        "13": 991,
        "14": 991,
        "15": 991,
        "16": 991,
        "18": 24,
        "19": 24
      },
      "BUS 215": {
        "10": 991,
        "11": 991,
        "14": 991,
        "15": 991,
        "16": 991,
        "18": 24,
        "19": 24
      },
      "BUS 219": {
        "9": 991,
        "10": 991,
        "11": 991,
        "13": 63,
        "14": 510,
        "15": 510
      },
      "Sqhouse109": {},
      "Sqhous109A": {},
      "Sqhouse114": {
        "8": 8,
        "9": 8,
        "10": 8,
        "11": 8,
        "12": 9,
        "13": 8,
        "14": 8,
        "15": 8,
        "16": 8,
        "17": 9
      },
      "Sqhouse115": {
        "9": 991,
        "10": 991,
        "11": 991,
        "12": 991,
        "13": 991,
        "14": 991,
        "15": 991
      },
      "Sqhouse203": {
        "9": 991,
        "10": 991,
        "13": 991,
        "14": 991
      },
      "Sqhouse205": {
        "7": 1023,
        "8": 1023,
        "9": 1023,
        "10": 1023,
        "11": 1023,
        "12": 1023,
        "13": 1023,
        "14": 1023,
        "15": 1023,
        "16": 1023,
        "17": 1023,
        "18": 1023,
        "19": 1023,
        "20": 1023,
        "21": 1023
      },
      "Sqhouse206": {
        "9": 991,
        "10": 991,
        "11": 991,
        "12": 991
      },
      "Sqhouse207": {
        "7": 1023,
        "8": 1023,
        "9": 1023,
        "10": 1023,
        "11": 1023,
        "12": 1023,
        "13": 1023,
        "14": 1023,
        "15": 1023,
        "16": 1023,
        "17": 1023,
        "18": 1023,
        "19": 1023,
        "20": 1023,
        "21": 1023
      },
      "Sqhouse208": {
        "7": 1023,
        "8": 1023,
        "9": 1023,
        "10": 1023,
        "11": 1023,
        "12": 1023,
        "13": 1023,
        "14": 1023,
        "15": 1023,
        "16": 1023,
        "17": 1023,
        "18": 1023,
        "19": 1023,
        "20": 1023,
        "21": 1023
      },
      "Sqhouse211": {
        "7": 1023,
        "8": 1023,
        "9": 1023,
        "10": 1023,
        "11": 1023,
        "12": 1023,
        "13": 1023,
        "14": 1023,
        "15": 1023,
        "16": 1023,
        "17": 1023,
        "18": 1023,
        "19": 1023,
        "20": 1023,
        "21": 1023
      },
      "Sqhouse214": {
        "7": 1023,
        "8": 1023,
        "9": 1023,
        "10": 1023,
        "11": 1023,
        "12": 1023,
        "13": 1023,
        "14": 1023,
        "15": 1023,
        "16": 1023,
        "17": 1023,
        "18": 1023,
        "19": 1023,
        "20": 1023,
        "21": 1023
      },
      "Sqhouse215": {
        "15": 1023,
        "16": 1023
      },
      "Sqhouse217": {
        "7": 1023,
        "8": 1023,
        "9": 1023,
        "10": 1023,
        "11": 1023,
        "12": 1023,
        "13": 1023,
        "14": 1023,
        "15": 1023,
        "16": 1023,
        "17": 1023,
        "18": 1023,
        "19": 1023,
        "20": 1023,
        "21": 1023
      },
      "Sqhouse218": {
        "7": 1023,
        "8": 1023,
        "9": 1023,
        "10": 1023,
        "11": 1023,
        "12": 1023,
        "13": 1023,
        "14": 1023,
        "15": 1023,
        "16": 1023,
        "17": 1023,
        "18": 1023,
        "19": 1023,
        "20": 1023,
        "21": 1023
      },
      "Law 101": {
        "9": 991,
        "10": 991,
        "11": 991,
        "12": 991,
        "14": 991,
        "19": 8,
        "20": 8,
        "21": 8
      },
      "Law 111": {
        "12": 991,
        "13": 991,
        "14": 991,
        "18": 4,
        "19": 4
      },
      "Law 162": {
        "9": 991,
        "10": 991,
        "12": 991,
        "13": 991,
        "14": 991,
        "15": 479,
        "16": 479,
        "17": 479,
        "18": 991,
        "19": 991
      },
      "Law 163": {
        "9": 225,
        "10": 481,
        "11": 481,
        "12": 225,
        "13": 481,
        "14": 480,
        "15": 224,
        "16": 991,
        "17": 991
      },
      "Law 201": {
        "10": 1023,
        "11": 1023,
        "12": 1,
        "13": 257,
        "14": 256,
        "16": 991,
        "17": 991,
        "19": 991,
        "20": 991
      },
      "Law 202": {
        "10": 256,
        "11": 256,
        "12": 911,
        "13": 911,
        "14": 991,
        "15": 991,
        "16": 991,
        "17": 991,
        "18": 991,
        "19": 991
      },
      "Law 203": {
        "9": 991,
        "10": 991,
        "11": 991,
        "12": 223,
        "13": 258,
        "14": 256,
        "15": 991,
        "16": 991,
        "19": 1023,
        "20": 1023
      },
      "Law 275": {
        "9": 479,
        "10": 479,
        "11": 479,
        "12": 479,
        "13": 479,
        "14": 479,
        "16": 990,
        "17": 990,
        "18": 991,
        "19": 991
      },
      "Law 276": {
        "9": 991,
        "10": 991,
        "11": 991,
        "12": 479,
        "13": 479,
        "14": 479,
        "16": 991,
        "17": 991,
        "19": 1023,
        "20": 1023
      },
      "Law 301": {
        "10": 256,
        "11": 256,
        "12": 991,
        "13": 991,
        "14": 990,
        "15": 990,
        "16": 991,
        "17": 991
      },
      "Law 302": {
        "10": 256,
        "11": 256,
        "12": 991,
        "13": 991,
        "14": 991,
        "15": 991,
        "16": 991,
        "17": 991,
        "19": 1023,
        "20": 1023
      },
      "Law 388": {
        "9": 1020,
        "10": 1020,
        "12": 991,
        "13": 991,
        "14": 991,
        "15": 510,
        "16": 510,
        "17": 510,
        "18": 991,
        "19": 991
      },
      "Law 389": {
        "11": 991,
        "12": 991,
        "13": 991,
        "14": 991,
        "15": 510,
        "16": 510,
        "17": 510,
        "19": 1023,
        "20": 1023
      },
      "Law G17": {
        "10": 256,
        "11": 260,
        "12": 78,
        "13": 334,
        "14": 334,
        "15": 79,
        "16": 79,
        "17": 78,
        "18": 4,
        "19": 4
      },
      "Webst 250": {
        "9": 991,
        "10": 991,
        "11": 991,
        "12": 991,
        "13": 991,
        "14": 991,
        "15": 991,
        "16": 991,
        "17": 991,
        "18": 991
      },
      "Webst 251": {
        "10": 911,
        "11": 911,
        "12": 991,
        "13": 991,
        "17": 8,
        "18": 8
      },
      "Webst 256": {
        "17": 991,
        "18": 991
      },
      "Webst 302": {
        "9": 991,
        "10": 991,
        "11": 991,
        "12": 991,
        "13": 990,
        "14": 990,
        "15": 991,
        "16": 991
      },
      "Block G13": {
        "14": 991,
        "15": 991,
        "16": 991,
        "17": 991
      },
      "Block G14": {
        "15": 991,
        "16": 991
      },
      "Block G15": {
        "10": 959,
        "11": 959,
        "12": 959,
        "13": 959
      },
      "Block G16": {
        "11": 991,
        "12": 991,
        "13": 991,
        "14": 991,
        "15": 991,
        "16": 991
      },
      "Block G6": {
        "7": 1023,
        "8": 1023,
        "9": 1023,
        "10": 1023,
        "11": 1023,
        "12": 1023,
        "13": 1023,
        "14": 1023,
        "15": 1023,
        "16": 1023,
        "17": 1023,
        "18": 1023,
        "19": 1023,
        "20": 1023,
        "21": 1023
      },
      "TETB G16": {
        "10": 1023,
        "11": 292,
        "12": 294,
        "13": 294,
        "14": 822,
        "15": 822,
        "16": 1023,
        "17": 1023,
        "18": 1023,
        "19": 1023
      }
    },
    "thu": {
      "BUS 107": {
        "8": 8,
        "9": 8,
        "10": 8,
        "11": 10,
        "12": 14,
        "13": 10,
        "14": 10,
        "15": 10,
        "16": 8,
        "17": 8,
        "18": 991
      },
      "BUS 114": {
        "13": 990,
        "14": 990,
        "15": 990,
        "16": 990,
        "17": 1020,
        "18": 1020
      },
      "BUS 118": {
        "14": 991,
        "15": 990,
        "16": 990
      },
      "BUS 207": {
        "9": 991,
        "10": 991,
        "16": 990,
        "17": 990,
        "18": 24,
        "19": 24
      },
      "BUS 215": {
        "9": 991,
        "10": 991,
        "11": 991,
        "12": 991,
        "13": 991,
        "14": 991,
        "15": 1023,
        "16": 1023,
        "18": 24,
        "19": 24
      },
      "BUS 219": {
        "14": 63,
        "15": 991,
        "16": 991,
        "17": 991,
        "19": 991,
        "20": 991
      },
      "Sqhouse109": {},
      "Sqhous109A": {},
      "Sqhouse114": {
        "12": 991,
        "13": 991,
        "15": 1023,
        "16": 1023
      },
      "Sqhouse115": {
        "13": 1023,
        "14": 1023,
        "15": 1023,
        "16": 1023
      },
      "Sqhouse203": {
        "9": 911,
        "10": 911,
        "15": 1023,
        "16": 1023
      },
      "Sqhouse205": {
        "7": 1023,
        "8": 1023,
        "9": 1023,
        "10": 1023,
        "11": 1023,
        "12": 1023,
        "13": 1023,
        "14": 1023,
        "15": 1023,
        "16": 1023,
        "17": 1023,
        "18": 1023,
        "19": 1023,
        "20": 1023,
        "21": 1023
      },
      "Sqhouse206": {
        "12": 479,
        "13": 479,
        "14": 479,
        "15": 1023,
        "16": 1023
      },
      "Sqhouse207": {
        "7": 1023,
        "8": 1023,
        "9": 1023,
        "10": 1023,
        "11": 1023,
        "12": 1023,
        "13": 1023,
        "14": 1023,
        "15": 1023,
        "16": 1023,
        "17": 1023,
        "18": 1023,
        "19": 1023,
        "20": 1023,
        "21": 1023
      },
      "Sqhouse208": {
        "7": 1023,
        "8": 1023,
        "9": 1023,
        "10": 1023,
        "11": 1023,
        "12": 1023,
        "13": 1023,
        "14": 1023,
        "15": 1023,
        "16": 1023,
        "17": 1023,
        "18": 1023,
        "19": 1023,
        "20": 1023,
        "21": 1023
      },
      "Sqhouse211": {
        "7": 1023,
        "8": 1023,
        "9": 1023,
        "10": 1023,
        "11": 1023,
        "12": 1023,
        "13": 1023,
        "14": 1023,
        "15": 1023,
        "16": 1023,
        "17": 1023,
        "18": 1023,
        "19": 1023,
        "20": 1023,
        "21": 1023
      },
      "Sqhouse214": {
        "7": 1023,
        "8": 1023,
        "9": 1023,
        "10": 1023,
        "11": 1023,
        "12": 1023,
        "13": 1023,
        "14": 1023,
        "15": 1023,
        "16": 1023,
        "17": 1023,
        "18": 1023,
        "19": 1023,
        "20": 1023,
        "21": 1023
      },
      "Sqhouse215": {
        "9": 991,
        "10": 991,
        "11": 991,
        "12": 991,
        "13": 991,
        "14": 991,
        "15": 1023,
        "16": 1023
      },
      "Sqhouse217": {
        "7": 1023,
        "8": 1023,
        "9": 1023,
        "10": 1023,
        "11": 1023,
        "12": 1023,
        "13": 1023,
        "14": 1023,
        "15": 1023,
        "16": 1023,
        "17": 1023,
        "18": 1023,
        "19": 1023,
        "20": 1023,
        "21": 1023
      },
      "Sqhouse218": {
        "7": 1023,
        "8": 1023,
        "9": 1023,
        "10": 1023,
        "11": 1023,
        "12": 1023,
        "13": 1023,
        "14": 1023,
        "15": 1023,
        "16": 1023,
        "17": 1023,
        "18": 1023,
        "19": 1023,
        "20": 1023,
        "21": 1023
      },
      "Law 101": {
        "9": 991,
        "10": 991,
        "11": 991,
        "12": 991,
        "14": 991,
        "15": 991,
        "18": 6,
        "19": 14,
        "20": 8,
        "21": 8
      },
      "Law 111": {
        "9": 991,
        "10": 991,
        "11": 991,
        "12": 991,
        "14": 991,
        "15": 991
      },
      "Law 162": {
        "11": 991,
        "12": 991,
        "13": 1023,
        "14": 1023,
        "16": 991,
        "17": 991,
        "18": 22,
        "19": 22,
        "20": 16
      },
      "Law 163": {
        "9": 1022,
        "10": 1022,
        "11": 1022,
        "12": 32,
        "13": 32,
        "14": 1023,
        "15": 1023,
        "17": 1023,
        "18": 1023,
        "19": 1023,
        "20": 1023
      },
      "Law 201": {
        "9": 990,
        "10": 990,
        "11": 990,
        "12": 990,
        "13": 990,
        "14": 991,
        "15": 991,
        "16": 991,
        "17": 991,
        "18": 991,
        "19": 991
      },
      "Law 202": {
        "11": 991,
        "12": 991,
        "13": 991,
        "14": 991,
        "16": 991,
        "17": 991,
        "18": 991,
        "19": 991
      },
      "Law 203": {
        "11": 991,
        "12": 991,
        "14": 1022,
        "15": 1023,
        "16": 1023,
        "17": 661,
        "18": 663,
        "19": 512
      },
      "Law 275": {
        "9": 991,
        "10": 991,
        "11": 991,
        "12": 991,
        "14": 991,
        "15": 991,
        "16": 991,
        "17": 991,
        "18": 4,
        "19": 4
      },
      "Law 276": {
        "9": 991,
        "10": 991,
        "11": 991,
        "12": 991,
        "14": 991,
        "15": 991,
        "16": 991,
        "17": 991,
        "18": 991,
        "19": 991
      },
      "Law 301": {
        "9": 991,
        "10": 991,
        "11": 991,
        "12": 991,
        "15": 991,
        "16": 991,
        "17": 991,
        "18": 991
      },
      "Law 302": {
        "11": 991,
        "12": 991,
        "14": 991,
        "15": 991,
        "16": 202,
        "17": 202,
        "18": 991,
        "19": 991
      },
      "Law 388": {
        "9": 991,
        "10": 991,
        "11": 991,
        "16": 1023,
        "18": 991,
        "19": 991
      },
      "Law 389": {
        "11": 991,
        "12": 991,
        "13": 991,
        "14": 991,
        "15": 991,
        "16": 991,
        "17": 991,
        "18": 4,
        "19": 4
      },
      "Law G17": {
        "9": 991,
        "10": 991,
        "11": 991,
        "14": 991,
        "15": 991,
        "16": 991,
        "18": 4,
        "19": 4
      },
      "Webst 250": {
        "10": 990,
        "11": 990,
        "12": 990,
        "13": 991,
        "14": 991,
        "15": 1023,
        "16": 1023
      },
      "Webst 251": {
        "9": 1023,
        "10": 1023,
        "11": 1023,
        "12": 1023,
        "13": 1023,
        "14": 1023,
        "15": 1023,
        "16": 1023
      },
      "Webst 256": {
        "11": 991,
        "12": 991,
        "13": 991,
        "14": 991,
        "15": 991,
        "16": 991
      },
      "Webst 302": {
        "11": 991,
        "12": 991,
        "13": 991,
        "14": 991,
        "15": 1023,
        "16": 1023
      },
      "Block G13": {
        "10": 991,
        "11": 991,
        "12": 254,
        "13": 254,
        "15": 1023,
        "16": 1023,
        "17": 223
      },
      "Block G14": {
        "11": 991,
        "12": 991,
        "15": 1023,
        "16": 1023,
        "18": 4,
        "19": 4
      },
      "Block G15": {
        "11": 991,
        "12": 991,
        "13": 991,
        "15": 1023,
        "16": 1023
      },
      "Block G16": {
        "11": 991,
        "12": 991,
        "13": 991,
        "15": 1023,
        "16": 1023
      },
      "Block G6": {
        "7": 1023,
        "8": 1023,
        "9": 1023,
        "10": 1023,
        "11": 1023,
        "12": 1023,
        "13": 1023,
        "14": 1023,
        "15": 1023,
        "16": 1023,
        "17": 1023,
        "18": 1023,
        "19": 1023,
        "20": 1023,
        "21": 1023
      },
      "TETB G16": {
        "11": 991,
        "12": 991,
        "14": 990,
        "15": 991,
        "17": 991,
        "18": 991,
        "19": 991
      }
    },
    "fri": {
      "BUS 107": {
        "10": 927,
        "11": 927,
        "12": 927,
        "13": 927
      },
      "BUS 114": {
        "9": 927,
        "10": 927,
        "11": 927,
        "13": 927,
        "14": 927
      },
      "BUS 118": {
        "10": 927,
        "11": 927
      },
      "BUS 207": {
        "11": 927,
        "12": 927,
        "13": 927,
        "18": 24,
        "19": 24
      },
      "BUS 215": {
        "9": 927,
        "10": 927,
        "11": 927,
        "12": 927,
        "13": 927,
        "15": 927,
        "16": 927,
        "17": 927
      },
      "BUS 219": {
        "9": 927,
        "10": 927,
        "11": 927
      },
      "Sqhouse109": {},
      "Sqhous109A": {},
      "Sqhouse114": {
        "9": 927,
        "10": 927,
        "11": 927,
        "12": 927,
        "13": 927,
        "14": 927,
        "16": 2,
        "17": 2,
        "18": 2,
        "19": 2
      },
      "Sqhouse115": {
        "9": 927,
        "10": 927,
        "11": 927,
        "12": 927,
        "13": 927,
        "14": 927
      },
      "Sqhouse203": {
        "17": 1023,
        "18": 1023,
        "19": 1023,
        "20": 1023,
        "21": 1023
      },
      "Sqhouse205": {
        "7": 1023,
        "8": 1023,
        "9": 1023,
        "10": 1023,
        "11": 1023,
        "12": 1023,
        "13": 1023,
        "14": 1023,
        "15": 1023,
        "16": 1023,
        "17": 1023,
        "18": 1023,
        "19": 1023,
        "20": 1023,
        "21": 1023
      },
      "Sqhouse206": {
        "10": 927,
        "11": 927,
        "12": 927,
        "13": 927,
        "17": 1023,
        "18": 1023,
        "19": 1023,
        "20": 1023,
        "21": 1023
      },
      "Sqhouse207": {
        "7": 1023,
        "8": 1023,
        "9": 1023,
        "10": 1023,
        "11": 1023,
        "12": 1023,
        "13": 1023,
        "14": 1023,
        "15": 1023,
        "16": 1023,
        "17": 1023,
        "18": 1023,
        "19": 1023,
        "20": 1023,
        "21": 1023
      },
      "Sqhouse208": {
        "7": 1023,
        "8": 1023,
        "9": 1023,
        "10": 1023,
        "11": 1023,
        "12": 1023,
        "13": 1023,
        "14": 1023,
        "15": 1023,
        "16": 1023,
        "17": 1023,
        "18": 1023,
        "19": 1023,
        "20": 1023,
        "21": 1023
      },
      "Sqhouse211": {
        "7": 1023,
        "8": 1023,
        "9": 1023,
        "10": 1023,
        "11": 1023,
        "12": 1023,
        "13": 1023,
        "14": 1023,
        "15": 1023,
        "16": 1023,
        "17": 1023,
        "18": 1023,
        "19": 1023,
        "20": 1023,
        "21": 1023
      },
      "Sqhouse214": {
        "7": 1023,
        "8": 1023,
        "9": 1023,
        "10": 1023,
        "11": 1023,
        "12": 1023,
        "13": 1023,
        "14": 1023,
        "15": 1023,
        "16": 1023,
        "17": 1023,
        "18": 1023,
        "19": 1023,
        "20": 1023,
        "21": 1023
      },
      "Sqhouse215": {
        "17": 1023,
        "18": 1023,
        "19": 1023,
        "20": 1023,
        "21": 1023
      },
      "Sqhouse217": {
        "7": 1023,
        "8": 1023,
        "9": 1023,
        "10": 1023,
        "11": 1023,
        "12": 1023,
        "13": 1023,
        "14": 1023,
        "15": 1023,
        "16": 1023,
        "17": 1023,
        "18": 1023,
        "19": 1023,
        "20": 1023,
        "21": 1023
      },
      "Sqhouse218": {
        "7": 1023,
        "8": 1023,
        "9": 1023,
        "10": 1023,
        "11": 1023,
        "12": 1023,
        "13": 1023,
        "14": 1023,
        "15": 1023,
        "16": 1023,
        "17": 1023,
        "18": 1023,
        "19": 1023,
        "20": 1023,
        "21": 1023
      },
      "Law 101": {
        "10": 4,
        "11": 4,
        "12": 4,
        "16": 4,
        "17": 4,
        "18": 2,
        "19": 10,
        "20": 8,
        "21": 8
      },
      "Law 111": {
        "11": 927,
        "12": 927,
        "18": 1020,
        "19": 1020,
        "20": 1020
      },
      "Law 162": {
        "9": 927,
        "10": 927,
        "11": 927,
        "12": 927,
        "14": 927,
        "15": 927,
        "16": 991,
        "17": 991,
        "18": 2,
        "19": 2
      },
      "Law 163": {
        "9": 927,
        "10": 927,
        "11": 927,
        "12": 927,
        "16": 927,
        "17": 927
      },
      "Law 201": {
        "9": 927,
        "10": 927,
        "14": 927,
        "15": 927,
        "16": 927,
        "17": 927
      },
      "Law 202": {
        "11": 927,
        "12": 927,
        "16": 4,
        "17": 4
      },
      "Law 203": {
        "11": 927,
        "12": 927,
        "13": 927,
        "14": 927,
        "15": 927,
        "16": 927,
        "17": 927,
        "18": 1023,
        "19": 1023,
        "20": 1023,
        "21": 1023
      },
      "Law 275": {
        "9": 927,
        "10": 927,
        "11": 24,
        "14": 927,
        "15": 927,
        "16": 4,
        "17": 4
      },
      "Law 276": {
        "9": 927,
        "10": 927,
        "11": 927,
        "12": 991,
        "14": 927,
        "15": 927,
        "16": 4,
        "17": 4
      },
      "Law 301": {
        "9": 927,
        "10": 927,
        "11": 927,
        "12": 927,
        "13": 927,
        "14": 927,
        "15": 927,
        "16": 927,
        "17": 927
      },
      "Law 302": {
        "9": 927,
        "10": 927,
        "11": 927,
        "12": 927,
        "14": 927,
        "15": 927,
        "16": 927,
        "17": 927
      },
      "Law 388": {
        "9": 927,
        "10": 927,
        "11": 927,
        "12": 927,
        "14": 927,
        "15": 927
      },
      "Law 389": {
        "9": 927,
        "10": 927,
        "11": 927,
        "12": 927
      },
      "Law G17": {
        "9": 927,
        "10": 927,
        "11": 927
      },
      "Webst 250": {
        "9": 927,
        "10": 927,
        "11": 927,
        "12": 927,
        "14": 927,
        "15": 927,
        "16": 927
      },
      "Webst 251": {
        "9": 927,
        "10": 927,
        "11": 927,
        "12": 927,
        "13": 2,
        "14": 2,
        "15": 2,
        "16": 927,
        "17": 927
      },
      "Webst 256": {
        "14": 63
      },
      "Webst 302": {
        "11": 927,
        "12": 927
      },
      "Block G13": {
        "11": 959,
        "12": 959,
        "13": 959,
        "14": 927,
        "15": 927,
        "16": 927
      },
      "Block G14": {
        "10": 927,
        "11": 927,
        "12": 927,
        "13": 927
      },
      "Block G15": {
        "10": 254,
        "11": 927,
        "12": 927
      },
      "Block G16": {
        "10": 927,
        "11": 927,
        "12": 1023,
        "13": 1023,
        "14": 1023,
        "15": 1023,
        "16": 1023,
        "17": 1023
      },
      "Block G6": {
        "7": 1023,
        "8": 1023,
        "9": 1023,
        "10": 1023,
        "11": 1023,
        "12": 1023,
        "13": 1023,
        "14": 1023,
        "15": 1023,
        "16": 1023,
        "17": 1023,
        "18": 1023,
        "19": 1023,
        "20": 1023,
        "21": 1023
      },
      "TETB G16": {
        "9": 959,
        "10": 959,
        "12": 959,
        "13": 959,
        "16": 1,
        "17": 5,
        "18": 5,
        "19": 5,
        "20": 5,
        "21": 5
      }
    },
    "sat": {
      "BUS 107": {},
      "BUS 114": {},
      "BUS 118": {},
      "BUS 207": {},
      "BUS 215": {},
      "BUS 219": {},
      "Sqhouse109": {},
      "Sqhous109A": {},
      "Sqhouse114": {
        "9": 1023,
        "10": 1023,
        "11": 1023,
        "12": 1023,
        "13": 1023,
        "14": 1023,
        "15": 1023,
        "16": 1023,
        "17": 1023,
        "18": 1023,
        "19": 1023,
        "20": 1023
      },
      "Sqhouse115": {
        "9": 128,
        "10": 128,
        "11": 128,
        "12": 128,
        "13": 128,
        "14": 128,
        "15": 128,
        "16": 128,
        "17": 128
      },
      "Sqhouse203": {},
      "Sqhouse205": {
        "7": 1023,
        "8": 1023,
        "9": 1023,
        "10": 1023,
        "11": 1023,
        "12": 1023,
        "13": 1023,
        "14": 1023,
        "15": 1023,
        "16": 1023,
        "17": 1023,
        "18": 1023,
        "19": 1023,
        "20": 1023,
        "21": 1023
      },
      "Sqhouse206": {},
      "Sqhouse207": {
        "7": 1023,
        "8": 1023,
        "9": 1023,
        "10": 1023,
        "11": 1023,
        "12": 1023,
        "13": 1023,
        "14": 1023,
        "15": 1023,
        "16": 1023,
        "17": 1023,
        "18": 1023,
        "19": 1023,
        "20": 1023,
        "21": 1023
      },
      "Sqhouse208": {
        "7": 1023,
        "8": 1023,
        "9": 1023,
        "10": 1023,
        "11": 1023,
        "12": 1023,
        "13": 1023,
        "14": 1023,
        "15": 1023,
        "16": 1023,
        "17": 1023,
        "18": 1023,
        "19": 1023,
        "20": 1023,
        "21": 1023
      },
      "Sqhouse211": {
        "7": 1023,
        "8": 1023,
        "9": 1023,
        "10": 1023,
        "11": 1023,
        "12": 1023,
        "13": 1023,
        "14": 1023,
        "15": 1023,
        "16": 1023,
        "17": 1023,
        "18": 1023,
        "19": 1023,
        "20": 1023,
        "21": 1023
      },
      "Sqhouse214": {
        "7": 1023,
        "8": 1023,
        "9": 1023,
        "10": 1023,
        "11": 1023,
        "12": 1023,
        "13": 1023,
        "14": 1023,
        "15": 1023,
        "16": 1023,
        "17": 1023,
        "18": 1023,
        "19": 1023,
        "20": 1023,
        "21": 1023
      },
      "Sqhouse215": {},
      "Sqhouse217": {
        "7": 1023,
        "8": 1023,
        "9": 1023,
        "10": 1023,
        "11": 1023,
        "12": 1023,
        "13": 1023,
        "14": 1023,
        "15": 1023,
        "16": 1023,
        "17": 1023,
        "18": 1023,
        "19": 1023,
        "20": 1023,
        "21": 1023
      },
      "Sqhouse218": {
        "7": 1023,
        "8": 1023,
        "9": 1023,
        "10": 1023,
        "11": 1023,
        "12": 1023,
        "13": 1023,
        "14": 1023,
        "15": 1023,
        "16": 1023,
        "17": 1023,
        "18": 1023,
        "19": 1023,
        "20": 1023,
        "21": 1023
      },
      "Law 101": {
        "9": 1,
        "10": 5,
        "11": 5,
        "12": 5,
        "13": 5,
        "14": 5,
        "15": 5,
        "16": 5,
        "17": 5,
        "18": 4,
        "19": 4
      },
      "Law 111": {
        "9": 1,
        "10": 1,
        "11": 1,
        "12": 1,
        "13": 1,
        "14": 1,
        "15": 1,
        "16": 1,
        "17": 1
      },
      "Law 162": {
        "9": 913,
        "10": 913,
        "11": 913,
        "12": 913,
        "13": 1,
        "14": 1,
        "15": 1,
        "16": 1,
        "17": 1
      },
      "Law 163": {
        "9": 1,
        "10": 1,
        "11": 1,
        "12": 1,
        "13": 1,
        "14": 1,
        "15": 1,
        "16": 1,
        "17": 1,
        "18": 1,
        "19": 1,
        "20": 1
      },
      "Law 201": {
        "9": 3,
        "10": 3,
        "11": 3,
        "12": 3,
        "13": 3,
        "14": 3,
        "15": 3,
        "16": 3,
        "17": 1
      },
      "Law 202": {
        "9": 3,
        "10": 3,
        "11": 3,
        "12": 3,
        "13": 3,
        "14": 3,
        "15": 3,
        "16": 3,
        "17": 1
      },
      "Law 203": {
        "9": 11,
        "10": 11,
        "11": 11,
        "12": 11,
        "13": 11,
        "14": 11,
        "15": 11,
        "16": 1,
        "17": 1
      },
      "Law 275": {
        "9": 1,
        "10": 1,
        "11": 1,
        "12": 1,
        "13": 1,
        "14": 1,
        "15": 1,
        "16": 1,
        "17": 1
      },
      "Law 276": {
        "9": 1,
        "10": 1,
        "11": 1,
        "12": 1,
        "13": 1,
        "14": 1,
        "15": 1,
        "16": 1,
        "17": 1
      },
      "Law 301": {},
      "Law 302": {
        "10": 84,
        "11": 84,
        "12": 84,
        "13": 84,
        "14": 84,
        "15": 84,
        "16": 84
      },
      "Law 388": {},
      "Law 389": {},
      "Law G17": {
        "7": 512,
        "8": 512,
        "9": 512,
        "10": 512,
        "11": 512,
        "12": 512,
        "13": 512,
        "14": 512,
        "15": 512,
        "16": 512,
        "17": 512,
        "18": 512,
        "19": 512,
        "20": 512,
        "21": 512
      },
      "Webst 250": {},
      "Webst 251": {},
      "Webst 256": {},
      "Webst 302": {},
      "Block G13": {
        "9": 4,
        "10": 4,
        "11": 4,
        "12": 4,
        "13": 4,
        "14": 4,
        "15": 4,
        "16": 4,
        "17": 4
      },
      "Block G14": {
        "9": 4,
        "10": 4,
        "11": 4,
        "12": 4,
        "13": 4,
        "14": 4,
        "15": 4,
        "16": 4,
        "17": 4
      },
      "Block G15": {
        "9": 4,
        "10": 4,
        "11": 4,
        "12": 4,
        "13": 4,
        "14": 4,
        "15": 4,
        "16": 4,
        "17": 4
      },
      "Block G16": {},
      "Block G6": {
        "7": 1023,
        "8": 1023,
        "9": 1023,
        "10": 1023,
        "11": 1023,
        "12": 1023,
        "13": 1023,
        "14": 1023,
        "15": 1023,
        "16": 1023,
        "17": 1023,
        "18": 1023,
        "19": 1023,
        "20": 1023,
        "21": 1023
      },
      "TETB G16": {}
    },
    "sun": {
      "BUS 107": {},
      "BUS 114": {},
      "BUS 118": {},
      "BUS 207": {},
      "BUS 215": {},
      "BUS 219": {},
      "Sqhouse109": {},
      "Sqhous109A": {},
      "Sqhouse114": {
        "9": 1023,
        "10": 1023,
        "11": 1023,
        "12": 1023,
        "13": 1023,
        "14": 1023,
        "15": 1023,
        "16": 1023,
        "17": 1023,
        "18": 1023,
        "19": 1023,
        "20": 1023
      },
      "Sqhouse115": {
        "9": 1023,
        "10": 1023,
        "11": 1023
      },
      "Sqhouse203": {},
      "Sqhouse205": {
        "7": 1023,
        "8": 1023,
        "9": 1023,
        "10": 1023,
        "11": 1023,
        "12": 1023,
        "13": 1023,
        "14": 1023,
        "15": 1023,
        "16": 1023,
        "17": 1023,
        "18": 1023,
        "19": 1023,
        "20": 1023,
        "21": 1023
      },
      "Sqhouse206": {},
      "Sqhouse207": {
        "7": 1023,
        "8": 1023,
        "9": 1023,
        "10": 1023,
        "11": 1023,
        "12": 1023,
        "13": 1023,
        "14": 1023,
        "15": 1023,
        "16": 1023,
        "17": 1023,
        "18": 1023,
        "19": 1023,
        "20": 1023,
        "21": 1023
      },
      "Sqhouse208": {
        "7": 1023,
        "8": 1023,
        "9": 1023,
        "10": 1023,
        "11": 1023,
        "12": 1023,
        "13": 1023,
        "14": 1023,
        "15": 1023,
        "16": 1023,
        "17": 1023,
        "18": 1023,
        "19": 1023,
        "20": 1023,
        "21": 1023
      },
      "Sqhouse211": {
        "7": 1023,
        "8": 1023,
        "9": 1023,
        "10": 1023,
        "11": 1023,
        "12": 1023,
        "13": 1023,
        "14": 1023,
        "15": 1023,
        "16": 1023,
        "17": 1023,
        "18": 1023,
        "19": 1023,
        "20": 1023,
        "21": 1023
      },
      "Sqhouse214": {
        "7": 1023,
        "8": 1023,
        "9": 1023,
        "10": 1023,
        "11": 1023,
        "12": 1023,
        "13": 1023,
        "14": 1023,
        "15": 1023,
        "16": 1023,
        "17": 1023,
        "18": 1023,
        "19": 1023,
        "20": 1023,
        "21": 1023
      },
      "Sqhouse215": {
        "9": 1023,
        "10": 1023,
        "11": 1023
      },
      "Sqhouse217": {
        "7": 1023,
        "8": 1023,
        "9": 1023,
        "10": 1023,
        "11": 1023,
        "12": 1023,
        "13": 1023,
        "14": 1023,
        "15": 1023,
        "16": 1023,
        "17": 1023,
        "18": 1023,
        "19": 1023,
        "20": 1023,
        "21": 1023
      },
      "Sqhouse218": {
        "7": 1023,
        "8": 1023,
        "9": 1023,
        "10": 1023,
        "11": 1023,
        "12": 1023,
        "13": 1023,
        "14": 1023,
        "15": 1023,
        "16": 1023,
        "17": 1023,
        "18": 1023,
        "19": 1023,
        "20": 1023,
        "21": 1023
      },
      "Law 101": {},
      "Law 111": {},
      "Law 162": {},
      "Law 163": {},
      "Law 201": {
        "9": 2,
        "10": 2,
        "11": 2,
        "12": 2,
        "13": 2,
        "14": 2,
        "15": 2,
        "16": 2
      },
      "Law 202": {
        "9": 2,
        "10": 2,
        "11": 2,
        "12": 2,
        "13": 2,
        "14": 2,
        "15": 2,
        "16": 2
      },
      "Law 203": {},
      "Law 275": {},
      "Law 276": {},
      "Law 301": {},
      "Law 302": {},
      "Law 388": {},
      "Law 389": {},
      "Law G17": {
        "7": 512,
        "8": 512,
        "9": 512,
        "10": 512,
        "11": 512,
        "12": 512,
        "13": 512,
        "14": 512,
        "15": 512,
        "16": 512,
        "17": 512,
        "18": 512,
        "19": 512,
        "20": 512,
        "21": 512
      },
      "Webst 250": {},
      "Webst 251": {},
      "Webst 256": {},
      "Webst 302": {},
      "Block G13": {},
      "Block G14": {},
      "Block G15": {
        "9": 1023,
        "10": 1023,
        "11": 1023
      },
      "Block G16": {
        "12": 2,
        "13": 2,
        "14": 2,
        "15": 2
      },
      "Block G6": {
        "7": 1023,
        "8": 1023,
        "9": 1023,
        "10": 1023,
        "11": 1023,
        "12": 1023,
        "13": 1023,
        "14": 1023,
        "15": 1023,
        "16": 1023,
        "17": 1023,
        "18": 1023,
        "19": 1023,
        "20": 1023,
        "21": 1023
      },
      "TETB G16": {}
    }
  },
  "meta": {
    "from": "2021-02-15 00:00:00",
    "to": "2021-04-25 00:00:00",
    "term": "T1"
  }
}