{
  "data": {
    "mon": {
      "MorvB G3": {
        "9": 32,
        "10": 32,
        "11": 32,
        "12": 32,
        "13": 40,
        "14": 895,
        "15": 895,
        "16": 895
      },
      "MorvB G4": {
        "14": 863,
        "15": 863,
        "16": 863
      },
      "MorvB G5": {
        "11": 2,
        "12": 2,
        "13": 2,
        "14": 2
      },
      "MorvB G6": {
        "10": 863,
        "11": 863,
        "12": 863,
        "13": 863,
        "14": 863,
        "15": 863,
        "16": 895,
        "17": 895,
        "18": 894
      },
      "MorvB LG2": {
        "15": 1022,
        "16": 1022,
        "17": 639,
        "18": 639,
        "19": 639
      },
      "MorvB LG30": {},
      "Biosci G07": {
        "13": 273,
        "14": 273,
        "15": 272,
        "16": 863,
        "17": 863
      },
      "JGoodsLG19": {
        "15": 895,
        "16": 895,
        "17": 639,
        "18": 639,
        "19": 639
      },
      "JGoodsLG21": {
        "15": 895,
        "16": 895,
        "17": 639,
        "18": 639,
        "19": 639
      },
      "Lib 176A": {
        "16": 863,
        "17": 863
      },
      "Lib 176B": {
        "15": 1022,
        "16": 1022
      },
      "Mat 101": {
        "9": 4,
        "10": 4,
        "11": 4,
        "13": 863,
        "14": 863,
        "15": 895,
        "16": 895,
        "17": 798,
        "18": 255,
        "19": 255,
        "20": 255,
        "21": 255
      },
      "Mat 102": {
        "9": 863,
        "10": 863,
        "14": 863,
        "15": 863,
        "16": 1023,
        "17": 1023,
        "18": 255,
        "19": 255,
        "20": 255,
        "21": 255
      },
      "Mat 103": {
        "10": 991,
        "11": 991,
        "12": 895,
        "14": 1023,
        "15": 95,
        "16": 895,
        "17": 895,
        "18": 255,
        "19": 255,
        "20": 255,
        "21": 255
      },
      "Mat 104": {
        "9": 335,
        "10": 335,
        "13": 863,
        "15": 862,
        "16": 862,
        "17": 862
      },
      "Mat 105": {
        "8": 8,
        "9": 12,
        "10": 13,
        "11": 13,
        "12": 9,
        "13": 9,
        "14": 8,
        "15": 9,
        "16": 9,
        "17": 8,
        "18": 8
      },
      "Mat 106": {
        "9": 988,
        "13": 895,
        "14": 895,
        "15": 1022,
        "16": 1022,
        "19": 863,
        "20": 863
      },
      "Mat 107": {
        "10": 863,
        "11": 863,
        "12": 863,
        "13": 863,
        "15": 863,
        "16": 863
      },
      "Mat 108": {
        "13": 863,
        "14": 863,
        "15": 863,
        "19": 863,
        "20": 863
      },
      "Mat 214": {
        "8": 4,
        "9": 798,
        "10": 798,
        "11": 63,
        "12": 63,
        "13": 63,
        "14": 63
      },
      "Mat 226": {
        "10": 988,
        "12": 2,
        "13": 990,
        "14": 990,
        "15": 2,
        "16": 863,
        "17": 863,
        "19": 1,
        "20": 1
      },
      "Mat 227": {
        "11": 863,
        "12": 863,
        "13": 63,
        "14": 63,
        "15": 895,
        "16": 895,
        "17": 895,
        "20": 680
      },
      "Mat 228": {
        "11": 63,
        "12": 63,
        "13": 63,
        "14": 63,
        "15": 895,
        "16": 895,
        "17": 639,
        "18": 639
      },
      "Mat 230": {
        "12": 863,
        "13": 863,
        "15": 863,
        "16": 863
      },
      "Mat 231": {
        "9": 863,
        "10": 863,
        "11": 863,
        "12": 863,
        "14": 863,
        "15": 863,
        "16": 863,
        "17": 863,
        "19": 863,
        "20": 863
      },
      "Mat 232": {
        "10": 1023,
        "13": 1,
        "14": 799,
        "15": 989,
        "16": 863,
        "17": 863,
        "19": 1,
        "20": 1
      },
      "Mat 301": {
        "7": 1023,
        "8": 1023,
        "9": 1023,
        "10": 1023,
        "11": 1023,
        "12": 1023,
        "13": 1023,
        "14": 1023,
        "15": 1023,
        "16": 1023,
        "17": 1023,
        "18": 1023,
        "19": 1023,
        "20": 1023,
        "21": 1023
      },
      "Mat 302": {
        "8": 8,
        "9": 12,
        "10": 12,
        "11": 12,
        "12": 12,
        "13": 12,
        "14": 12,
        "15": 12,
        "16": 12,
        "17": 8,
        "18": 8
      },
      "Mat 303": {
        "14": 1022,
        "15": 1022,
        "16": 1022,
        "17": 639,
        "18": 639
      },
      "Mat 306": {
        "14": 1022,
        "15": 1022,
        "16": 1022
      },
      "Mat 307": {
        "14": 1022,
        "15": 1022,
        "16": 1022
      },
      "Mat 308": {
        "11": 988,
        "16": 863,
        "17": 863,
        "18": 639,
        "19": 639
      },
      "Mat 309": {
        "11": 863,
        "12": 863,
        "14": 4,
        "15": 4,
        "16": 988,
        "18": 639,
        "19": 639
      },
      "Mat 310": {
        "10": 991,
        "11": 991,
        "12": 863,
        "14": 4,
        "15": 4,
        "16": 863,
        "17": 988
      },
      "Mat 311": {
        "7": 1023,
        "8": 1023,
        "9": 1023,
        "10": 1023,
        "11": 1023,
        "12": 1023,
        "13": 1023,
        "14": 1023,
        "15": 1023,
        "16": 1023,
        "17": 1023,
        "18": 1023,
        "19": 1023,
        "20": 1023,
        "21": 1023
      },
      "Mat 312": {
        "10": 8,
        "11": 8,
        "12": 8,
        "13": 8,
        "14": 12,
        "15": 12,
        "16": 8,
        "17": 639,
        "18": 639
      },
      "Mat 313": {
        "10": 12,
        "11": 12,
        "12": 12,
        "13": 12,
        "14": 12,
        "15": 12,
        "16": 12
      },
      "AGSM G03": {
        "8": 96,
        "9": 96,
        "10": 96,
        "11": 96,
        "12": 96,
        "13": 112,
        "14": 633,
        "15": 633,
        "16": 633,
        "17": 96,
        "18": 32,
        "19": 32,
        "20": 32
      },
      "AGSM LG06": {
        "8": 32,
        "9": 32,
        "10": 32,
        "11": 32,
        "12": 32,
        "13": 32,
        "14": 32,
        "15": 32,
        "16": 895,
        "17": 895
      },
      "AGSM LG07": {
        "8": 48,
        "9": 48,
        "10": 48,
        "11": 48,
        "12": 48,
        "13": 48,
        "14": 112,
        "15": 112,
        "16": 112,
        "17": 48
      }
    },
    "tue": {
      "MorvB G3": {
        "9": 991,
        "10": 991,
        "11": 991,
        "12": 991,
        "13": 991,
        "14": 991,
        "15": 991,
        "17": 639,
        "18": 639,
        "19": 639
      },
      "MorvB G4": {
        "9": 341,
        "10": 341,
        "11": 341,
        "12": 341,
        "13": 991,
        "16": 991
      },
      "MorvB G5": {
        "9": 1023,
        "10": 1023,
        "14": 991,
        "15": 991,
        "16": 991,
        "17": 991
      },
      "MorvB G6": {
        "9": 991,
        "10": 991,
        "11": 991,
        "12": 991,
        "13": 639,
        "14": 639,
        "15": 639,
        "17": 837,
        "18": 837
      },
      "MorvB LG2": {
        "12": 991,
        "13": 991,
        "14": 991,
        "15": 991,
        "16": 991,
        "17": 991
      },
      "MorvB LG30": {
        "9": 991,
        "10": 991,
        "11": 991,
        "14": 991,
        "15": 991,
        "16": 991,
        "17": 991
      },
      "Biosci G07": {
        "8": 1,
        "9": 1,
        "10": 1,
        "11": 479,
        "12": 479,
        "13": 129,
        "14": 405,
        "15": 401,
        "16": 407,
        "17": 7,
        "18": 2
      },
      "JGoodsLG19": {
        "10": 984,
        "11": 984,
        "12": 991,
        "15": 984
      },
      "JGoodsLG21": {
        "10": 991,
        "11": 991,
        "12": 991,
        "13": 991,
        "17": 639,
        "18": 639
      },
      "Lib 176A": {
        "8": 1022,
        "9": 1022,
        "10": 1023,
        "11": 1023,
        "12": 1023
      },
      "Lib 176B": {
        "10": 24,
        "11": 24,
        "12": 24,
        "13": 24,
        "18": 974,
        "19": 974
      },
      "Mat 101": {
        "11": 991,
        "12": 991,
        "13": 991,
        "14": 991,
        "15": 991,
        "18": 255,
        "19": 255,
        "20": 255,
        "21": 255
      },
      "Mat 102": {
        "9": 991,
        "10": 991,
        "11": 991,
        "12": 991,
        "13": 991,
        "14": 991,
        "15": 991,
        "16": 991,
        "17": 991,
        "18": 255,
        "19": 255,
        "20": 255,
        "21": 255
      },
      "Mat 103": {
        "9": 991,
        "10": 991,
        "11": 991,
        "12": 991,
        "13": 991,
        "14": 4,
        "15": 4,
        "16": 1023,
        "17": 528,
        "18": 255,
        "19": 255,
        "20": 255,
        "21": 255
      },
      "Mat 104": {
        "11": 991,
        "12": 991,
        "16": 511,
        "17": 511,
        "18": 1022,
        "19": 1022
      },
      "Mat 105": {
        "9": 991,
        "10": 991,
        "11": 991,
        "12": 990,
        "13": 990,
        "14": 991,
        "15": 991
      },
      "Mat 106": {
        "10": 991,
        "12": 991,
        "13": 132,
        "14": 132,
        "15": 132,
        "16": 1023,
        "17": 1023
      },
      "Mat 107": {
        "9": 991,
        "10": 991,
        "11": 991,
        "12": 1,
        "13": 1,
        "14": 991,
        "18": 974,
        "19": 974
      },
      "Mat 108": {
        "9": 991,
        "10": 991,
        "11": 991,
        "12": 991,
        "13": 991,
        "14": 650,
        "15": 650,
        "16": 650,
        "17": 650
      },
      "Mat 214": {
        "9": 64,
        "10": 65,
        "11": 990,
        "12": 991,
        "14": 991,
        "16": 639,
        "17": 639,
        "18": 639
      },
      "Mat 226": {
        "11": 991,
        "12": 991,
        "13": 2,
        "14": 478,
        "15": 478,
        "16": 639,
        "17": 639,
        "18": 639
      },
      "Mat 227": {
        "9": 991,
        "10": 991,
        "11": 991,
        "12": 991,
        "13": 991,
        "14": 7,
        "15": 7,
        "16": 7,
        "17": 991,
        "18": 1022,
        "19": 1022
      },
      "Mat 228": {
        "9": 4,
        "10": 4,
        "11": 4,
        "12": 991,
        "14": 991,
        "15": 991,
        "17": 529,
        "18": 857,
        "19": 857
      },
      "Mat 230": {
        "9": 991,
        "10": 991,
        "11": 991,
        "12": 991,
        "13": 991,
        "14": 991
      },
      "Mat 231": {
        "11": 991,
        "12": 991,
        "14": 926
      },
      "Mat 232": {
        "10": 991,
        "11": 991,
        "12": 991,
        "13": 991,
        "14": 991,
        "17": 991,
        "18": 991
      },
      "Mat 301": {
        "7": 1023,
        "8": 1023,
        "9": 1023,
        "10": 1023,
        "11": 1023,
        "12": 1023,
        "13": 1023,
        "14": 1023,
        "15": 1023,
        "16": 1023,
        "17": 1023,
        "18": 1023,
        "19": 1023,
        "20": 1023,
        "21": 1023
      },
      "Mat 302": {
        "8": 8,
        "9": 12,
        "10": 12,
        "11": 12,
        "12": 76,
        "13": 76,
        "14": 76,
        "15": 76,
        "16": 76,
        "17": 8,
        "18": 974,
        "19": 974
      },
      "Mat 303": {
        "10": 12,
        "11": 12,
        "12": 76,
        "13": 76,
        "14": 76,
        "15": 76,
        "16": 76,
        "18": 974,
        "19": 974
      },
      "Mat 306": {
        "8": 8,
        "9": 8,
        "10": 8,
        "11": 12,
        "12": 8,
        "13": 8,
        "14": 8,
        "15": 8,
        "16": 8,
        "17": 8,
        "18": 974,
        "19": 974
      },
      "Mat 307": {
        "12": 64,
        "13": 64,
        "14": 64,
        "15": 64,
        "16": 64
      },
      "Mat 308": {
        "11": 991,
        "12": 991,
        "13": 991,
        "14": 991
      },
      "Mat 309": {
        "11": 991,
        "12": 991,
        "13": 991,
        "14": 991,
        "15": 926
      },
      "Mat 310": {
        "10": 1023,
        "11": 1023,
        "12": 1,
        "13": 991,
        "14": 4,
        "15": 4,
        "18": 1022,
        "19": 1022
      },
      "Mat 311": {
        "7": 1023,
        "8": 1023,
        "9": 1023,
        "10": 1023,
        "11": 1023,
        "12": 1023,
        "13": 1023,
        "14": 1023,
        "15": 1023,
        "16": 1023,
        "17": 1023,
        "18": 1023,
        "19": 1023,
        "20": 1023,
        "21": 1023
      },
      "Mat 312": {
        "10": 1023,
        "11": 1023,
        "12": 1023,
        "13": 926,
        "14": 4,
        "15": 4,
        "16": 1,
        "17": 1
      },
      "Mat 313": {
        "15": 1023,
        "16": 1023,
        "17": 1023,
        "18": 974,
        "19": 974
      },
      "AGSM G03": {
        "8": 96,
        "9": 100,
        "10": 100,
        "11": 101,
        "12": 97,
        "13": 97,
        "14": 96,
        "15": 96,
        "16": 96,
        "17": 96,
        "18": 32,
        "19": 32,
        "20": 32
      },
      "AGSM LG06": {
        "8": 32,
        "9": 32,
        "10": 32,
        "11": 32,
        "12": 32,
        "13": 32,
        "14": 32,
        "15": 32,
        "16": 32,
        "17": 32
      },
      "AGSM LG07": {
        "8": 48,
        "9": 305,
        "10": 305,
        "11": 304,
        "12": 304,
        "13": 304,
        "14": 48,
        "15": 48,
        "16": 48,
        "17": 48
      }
    },
    "wed": {
      "MorvB G3": {
        "9": 1023,
        "10": 1023,
        "11": 32,
        "12": 1023,
        "13": 1023,
        "14": 32,
        "15": 1023,
        "16": 32
      },
      "MorvB G4": {
        "9": 2,
        "10": 2,
        "11": 991,
        "12": 991,
        "13": 991,
        "14": 991,
        "15": 991,
        "18": 939,
        "19": 939
      },
      "MorvB G5": {
        "9": 1,
        "10": 5,
        "11": 5,
        "12": 5,
        "13": 5,
        "14": 4,
        "15": 4
      },
      "MorvB G6": {
        "11": 478,
        "12": 478,
        "13": 991,
        "14": 991,
        "15": 991,
        "16": 991,
        "17": 991,
        "18": 991
      },
      "MorvB LG2": {
        "12": 991,
        "13": 991,
        "14": 991,
        "17": 895,
        "18": 895,
        "19": 895
      },
      "MorvB LG30": {
        "9": 991,
        "10": 991,
        "11": 991,
        "12": 991
      },
      "Biosci G07": {
        "8": 4,
        "9": 4,
        "10": 4,
        "12": 1023,
        "13": 1023,
        "14": 991,
        "15": 991,
        "16": 991,
        "17": 991
      },
      "JGoodsLG19": {
        "12": 8,
        "13": 991
      },
      "JGoodsLG21": {
        "16": 991,
        "17": 991
      },
      "Lib 176A": {
        "10": 1023,
        "11": 1023,
        "12": 1023,
        "13": 1023,
        "14": 1023
      },
      "Lib 176B": {
        "13": 1023
      },
      "Mat 101": {
        "11": 991,
        "12": 991,
        "13": 991,
        "14": 991,
        "15": 991,
        "16": 991,
        "17": 991,
        "18": 255,
        "19": 255,
        "20": 255,
        "21": 255
      },
      "Mat 102": {
        "9": 991,
        "10": 991,
        "11": 991,
        "12": 991,
        "13": 991,
        "14": 991,
        "15": 991,
        "16": 991,
        "17": 991,
        "18": 255,
        "19": 255,
        "20": 255,
        "21": 255
      },
      "Mat 103": {
        "7": 1016,
        "8": 1020,
        "9": 1023,
        "10": 1023,
        "11": 1022,
        "12": 1023,
        "13": 1023,
        "14": 495,
        "16": 4,
        "17": 4,
        "18": 255,
        "19": 255,
        "20": 255,
        "21": 255
      },
      "Mat 104": {
        "9": 991,
        "10": 991,
        "11": 346,
        "12": 346,
        "13": 346,
        "14": 988,
        "15": 987,
        "16": 511,
        "17": 511
      },
      "Mat 105": {
        "11": 991,
        "12": 991,
        "14": 990,
        "15": 991
      },
      "Mat 106": {
        "9": 991,
        "10": 991,
        "11": 991,
        "14": 991,
        "15": 991,
        "16": 991,
        "17": 991
      },
      "Mat 107": {
        "9": 991,
        "10": 991,
        "11": 991,
        "13": 5,
        "14": 5,
        "15": 1,
        "16": 1
      },
      "Mat 108": {
        "9": 1,
        "10": 1,
        "11": 1,
        "12": 1,
        "13": 1,
        "14": 991,
        "15": 991,
        "16": 16,
        "19": 991,
        "20": 991
      },
      "Mat 214": {
        "9": 989,
        "10": 989,
        "11": 1,
        "12": 989,
        "13": 1,
        "14": 1,
        "15": 1,
        "16": 1,
        "17": 3,
        "18": 3,
        "19": 1
      },
      "Mat 226": {
        "11": 1023,
        "12": 1023,
        "14": 1023,
        "16": 991,
        "17": 991
      },
      "Mat 227": {
        "10": 991,
        "11": 991,
        "14": 991,
        "17": 9,
        "18": 9,
        "19": 9,
        "20": 8
      },
      "Mat 228": {
        "9": 991,
        "10": 991,
        "12": 991,
        "13": 991,
        "14": 463,
        "15": 463,
        "17": 5,
        "18": 5,
        "19": 5,
        "20": 4
      },
      "Mat 230": {
        "9": 991,
        "10": 991,
        "11": 991,
        "12": 991,
        "13": 991,
        "14": 991,
        "15": 991,
        "16": 991,
        "17": 1,
        "18": 1,
        "19": 1
      },
      "Mat 231": {
        "10": 991,
        "11": 991,
        "12": 991,
        "13": 991,
        "14": 991,
        "17": 988,
        "19": 991,
        "20": 991
      },
      "Mat 232": {
        "10": 991,
        "11": 991,
        "12": 991,
        "13": 991,
        "14": 991,
        "15": 991,
        "16": 991,
        "17": 991
      },
      "Mat 301": {
        "7": 1023,
        "8": 1023,
        "9": 1023,
        "10": 1023,
        "11": 1023,
        "12": 1023,
        "13": 1023,
        "14": 1023,
        "15": 1023,
        "16": 1023,
        "17": 1023,
        "18": 1023,
        "19": 1023,
        "20": 1023,
        "21": 1023
      },
      "Mat 302": {
        "9": 14,
        "10": 14,
        "11": 14,
        "12": 15,
        "13": 15,
        "14": 14,
        "15": 14,
        "16": 4
      },
      "Mat 303": {
        "9": 8,
        "10": 8,
        "11": 8,
        "12": 8,
        "13": 8,
        "14": 8,
        "15": 8,
        "17": 639,
        "18": 639,
        "19": 639
      },
      "Mat 306": {
        "9": 8,
        "10": 8,
        "11": 8,
        "12": 8,
        "13": 8,
        "14": 8,
        "15": 8
      },
      "Mat 307": {
        "9": 8,
        "10": 8,
        "11": 8,
        "12": 8,
        "13": 8,
        "14": 8,
        "15": 8
      },
      "Mat 308": {
        "13": 991,
        "14": 991,
        "15": 988,
        "16": 991,
        "17": 991,
        "19": 991,
        "20": 991
      },
      "Mat 309": {
        "9": 32,
        "10": 48,
        "11": 16,
        "14": 478,
        "15": 478,
        "16": 895,
        "17": 895,
        "18": 895
      },
      "Mat 310": {
        "9": 1023,
        "10": 51,
        "11": 19,
        "12": 19,
        "13": 1,
        "14": 1,
        "15": 1,
        "16": 1,
        "17": 2,
        "18": 2
      },
      "Mat 311": {
        "7": 1023,
        "8": 1023,
        "9": 1023,
        "10": 1023,
        "11": 1023,
        "12": 1023,
        "13": 1023,
        "14": 1023,
        "15": 1023,
        "16": 1023,
        "17": 1023,
        "18": 1023,
        "19": 1023,
        "20": 1023,
        "21": 1023
      },
      "Mat 312": {
        "9": 32,
        "10": 48,
        "11": 16,
        "15": 991,
        "16": 991,
        "17": 2,
        "18": 2
      },
      "Mat 313": {
        "10": 12,
        "11": 12,
        "12": 12,
        "13": 13,
        "14": 13,
        "15": 12,
        "16": 12
      },
      "AGSM G03": {
        "8": 32,
        "9": 40,
        "10": 40,
        "11": 40,
        "12": 32,
        "13": 32,
        "14": 32,
        "15": 32,
        "16": 32,
        "17": 32,
        "18": 32,
        "19": 32,
        "20": 32
      },
      "AGSM LG06": {
        "9": 991,
        "10": 991,
        "16": 991,
        "17": 991
      },
      "AGSM LG07": {
        "8": 21,
        "9": 285,
        "10": 285,
        "11": 285,
        "12": 285,
        "13": 285,
        "14": 277,
        "15": 277,
        "16": 277
      }
    },
    "thu": {
      "MorvB G3": {
        "9": 32,
        "10": 32,
        "11": 1023,
        "12": 1023,
        "13": 32,
        "14": 32,
        "15": 34,
        "16": 34,
        "17": 639,
        "18": 639,
        "19": 639
      },
      "MorvB G4": {
        "11": 991,
        "13": 991,
        "14": 991,
        "15": 1023,
        "16": 1023,
        "18": 639,
        "19": 639
      },
      "MorvB G5": {
        "15": 1022
      },
      "MorvB G6": {
        "9": 988,
        "10": 991,
        "11": 991,
        "12": 991,
        "15": 1023,
        "16": 1023,
        "17": 495,
        "18": 495
      },
      "MorvB LG2": {
        "11": 8,
        "15": 1023,
        "16": 1023,
        "17": 639,
        "18": 639
      },
      "MorvB LG30": {
        "10": 991,
        "11": 991
      },
      "Biosci G07": {
        "10": 991,
        "11": 991,
        "14": 1023,
        "15": 1023,
        "19": 4,
        "20": 4
      },
      "JGoodsLG19": {
        "12": 991,
        "15": 1023,
        "16": 1023,
        "17": 639,
        "18": 639,
        "19": 639
      },
      "JGoodsLG21": {
        "9": 991,
        "10": 991,
        "12": 991,
        "13": 991,
        "14": 991,
        "15": 1023,
        "16": 1023
      },
      "Lib 176A": {
        "12": 1,
        "13": 1,
        "14": 926,
        "15": 926
      },
      "Lib 176B": {
        "10": 1020,
        "11": 1020,
        "12": 1020,
        "13": 1020,
        "14": 1020,
        "15": 1020,
        "17": 639,
        "18": 639,
        "19": 639
      },
      "Mat 101": {
        "9": 991,
        "10": 991,
        "11": 991,
        "13": 991,
        "14": 991,
        "15": 991,
        "16": 991,
        "17": 991,
        "18": 255,
        "19": 255,
        "20": 255,
        "21": 255
      },
      "Mat 102": {
        "10": 991,
        "12": 990,
        "14": 991,
        "15": 991,
        "16": 991,
        "18": 255,
        "19": 255,
        "20": 255,
        "21": 255
      },
      "Mat 103": {
        "9": 528,
        "10": 1023,
        "11": 991,
        "13": 991,
        "14": 991,
        "15": 991,
        "16": 1023,
        "17": 1023,
        "18": 255,
        "19": 255,
        "20": 255,
        "21": 255
      },
      "Mat 104": {
        "7": 1023,
        "8": 1023,
        "9": 346,
        "10": 346,
        "11": 347,
        "12": 991,
        "13": 1,
        "14": 843,
        "15": 130,
        "16": 991,
        "17": 991
      },
      "Mat 105": {
        "9": 64,
        "10": 320,
        "11": 320,
        "12": 991,
        "13": 346,
        "14": 346,
        "15": 346,
        "16": 991,
        "17": 991
      },
      "Mat 106": {
        "11": 1,
        "12": 1,
        "13": 9,
        "14": 9,
        "16": 1023,
        "17": 1023
      },
      "Mat 107": {
        "7": 8,
        "8": 8,
        "9": 8,
        "10": 8,
        "11": 8,
        "12": 8,
        "14": 4,
        "15": 4,
        "16": 991
      },
      "Mat 108": {
        "12": 991,
        "13": 991,
        "15": 1023,
        "16": 1023,
        "17": 991
      },
      "Mat 214": {
        "10": 991,
        "13": 1023,
        "14": 1023,
        "15": 1023,
        "16": 1023,
        "17": 4,
        "18": 4,
        "19": 4
      },
      "Mat 226": {
        "9": 991,
        "10": 991,
        "11": 991,
        "13": 991,
        "14": 991,
        "16": 639,
        "17": 639,
        "18": 639
      },
      "Mat 227": {
        "8": 1023,
        "9": 144,
        "10": 400,
        "11": 400,
        "13": 256,
        "14": 772,
        "15": 646,
        "16": 564,
        "18": 1023,
        "19": 1023
      },
      "Mat 228": {
        "10": 927,
        "11": 927,
        "12": 991,
        "13": 478,
        "14": 478,
        "15": 8,
        "16": 991,
        "17": 991
      },
      "Mat 230": {
        "11": 478,
        "12": 478,
        "13": 1016,
        "16": 639,
        "17": 639,
        "18": 639
      },
      "Mat 231": {
        "10": 991,
        "11": 991,
        "12": 991,
        "14": 991,
        "15": 1023,
        "16": 1023,
        "18": 1023,
        "19": 1023
      },
      "Mat 232": {
        "12": 991,
        "13": 991,
        "14": 991,
        "15": 1023,
        "16": 1023
      },
      "Mat 301": {
        "7": 1023,
        "8": 1023,
        "9": 1023,
        "10": 1023,
        "11": 1023,
        "12": 1023,
        "13": 1023,
        "14": 1023,
        "15": 1023,
        "16": 1023,
        "17": 1023,
        "18": 1023,
        "19": 1023,
        "20": 1023,
        "21": 1023
      },
      "Mat 302": {
        "8": 8,
        "9": 526,
        "10": 526,
        "11": 526,
        "12": 526,
        "13": 526,
        "14": 526,
        "15": 526,
        "16": 526,
        "17": 8,
        "18": 8
      },
      "Mat 303": {
        "14": 1022,
        "15": 1022,
        "16": 1022
      },
      "Mat 306": {
        "12": 991,
        "13": 1023,
        "14": 1023,
        "15": 340,
        "16": 639,
        "17": 639,
        "18": 639
      },
      "Mat 307": {
        "9": 8,
        "10": 8,
        "11": 8,
        "12": 8,
        "13": 8,
        "14": 8,
        "15": 8
      },
      "Mat 308": {
        "10": 991,
        "11": 991,
        "15": 1023,
        "16": 1023
      },
      "Mat 309": {
        "9": 991,
        "10": 991,
        "11": 991,
        "12": 991,
        "15": 1023,
        "16": 1023,
        "17": 639,
        "18": 639,
        "19": 639
      },
      "Mat 310": {
        "10": 991,
        "11": 926,
        "12": 926,
        "13": 65,
        "14": 85,
        "15": 85,
        "16": 1020,
        "17": 1020
      },
      "Mat 311": {
        "7": 1023,
        "8": 1023,
        "9": 1023,
        "10": 1023,
        "11": 1023,
        "12": 1023,
        "13": 1023,
        "14": 1023,
        "15": 1023,
        "16": 1023,
        "17": 1023,
        "18": 1023,
        "19": 1023,
        "20": 1023,
        "21": 1023
      },
      "Mat 312": {
        "14": 1022,
        "15": 1022,
        "16": 23,
        "17": 16
      },
      "Mat 313": {
        "10": 12,
        "11": 12,
        "12": 12,
        "13": 12,
        "14": 12,
        "15": 12,
        "16": 12
      },
      "AGSM G03": {
        "8": 32,
        "9": 42,
        "10": 42,
        "11": 42,
        "12": 42,
        "13": 42,
        "14": 42,
        "15": 46,
        "16": 46,
        "17": 36,
        "18": 32,
        "19": 32,
        "20": 32
      },
      "AGSM LG06": {
        "11": 926,
        "13": 510,
        "14": 510,
        "15": 1023,
        "16": 1023,
        "17": 988
      },
      "AGSM LG07": {
        "9": 305,
        "10": 305,
        "11": 305,
        "12": 305,
        "13": 305,
        "14": 288,
        "15": 32,
        "16": 32
      }
    },
    "fri": {
      "MorvB G3": {
        "9": 927,
        "10": 927,
        "11": 927,
        "12": 927,
        "13": 988,
        "14": 991,
        "16": 927,
        "17": 927
      },
      "MorvB G4": {
        "9": 927,
        "10": 927,
        "11": 927,
        "15": 575,
        "16": 575,
        "17": 575
      },
      "MorvB G5": {
        "15": 927
      },
      "MorvB G6": {
        "10": 927,
        "11": 927,
        "12": 927,
        "15": 575,
        "16": 575,
        "17": 575
      },
      "MorvB LG2": {
        "9": 512,
        "10": 512,
        "11": 512,
        "12": 512,
        "13": 512,
        "14": 512
      },
      "MorvB LG30": {
        "9": 927,
        "10": 927,
        "11": 927
      },
      "Biosci G07": {
        "9": 927,
        "10": 927,
        "11": 927,
        "12": 927,
        "15": 927,
        "16": 927,
        "17": 3,
        "18": 3
      },
      "JGoodsLG19": {},
      "JGoodsLG21": {},
      "Lib 176A": {
        "9": 128,
        "10": 152,
        "11": 152,
        "12": 152,
        "13": 152,
        "14": 128,
        "15": 128,
        "16": 128
      },
      "Lib 176B": {
        "12": 910,
        "13": 910
      },
      "Mat 101": {
        "10": 927
      },
      "Mat 102": {
        "10": 927,
        "11": 927,
        "12": 1022,
        "13": 1022,
        "14": 927,
        "15": 927
      },
      "Mat 103": {
        "9": 63,
        "10": 63,
        "11": 927,
        "12": 991,
        "13": 991,
        "14": 927,
        "15": 927,
        "16": 927,
        "17": 927
      },
      "Mat 104": {
        "9": 926,
        "10": 927,
        "11": 927,
        "12": 926,
        "16": 927,
        "17": 927,
        "18": 128,
        "19": 128,
        "20": 128,
        "21": 128
      },
      "Mat 105": {
        "9": 927,
        "10": 927,
        "12": 399,
        "13": 415,
        "14": 16,
        "16": 927,
        "17": 927,
        "18": 132,
        "19": 132,
        "20": 128,
        "21": 128
      },
      "Mat 106": {
        "9": 384,
        "10": 384,
        "11": 385,
        "12": 385,
        "13": 385,
        "14": 385,
        "15": 385,
        "16": 385
      },
      "Mat 107": {
        "9": 927,
        "10": 927,
        "11": 927,
        "12": 910,
        "13": 910,
        "14": 927,
        "18": 128,
        "19": 128,
        "20": 128,
        "21": 128
      },
      "Mat 108": {
        "14": 927
      },
      "Mat 214": {
        "12": 927,
        "13": 927,
        "14": 231,
        "15": 231,
        "16": 575,
        "17": 575,
        "18": 575
      },
      "Mat 226": {
        "9": 927,
        "10": 927,
        "11": 927,
        "12": 927,
        "14": 927
      },
      "Mat 227": {
        "9": 927,
        "12": 1022,
        "13": 1022,
        "14": 927,
        "15": 927
      },
      "Mat 228": {
        "9": 927,
        "10": 927,
        "13": 927,
        "14": 927,
        "15": 927
      },
      "Mat 230": {
        "10": 988,
        "11": 927,
        "12": 927
      },
      "Mat 231": {
        "9": 927,
        "10": 927,
        "11": 927,
        "12": 927,
        "13": 927,
        "14": 927,
        "15": 988
      },
      "Mat 232": {
        "10": 1016,
        "11": 927,
        "12": 927,
        "13": 927,
        "14": 919,
        "15": 919,
        "17": 988
      },
      "Mat 301": {
        "7": 1023,
        "8": 1023,
        "9": 1023,
        "10": 1023,
        "11": 1023,
        "12": 1023,
        "13": 1023,
        "14": 1023,
        "15": 1023,
        "16": 1023,
        "17": 1023,
        "18": 1023,
        "19": 1023,
        "20": 1023,
        "21": 1023
      },
      "Mat 302": {
        "10": 12,
        "11": 12,
        "12": 12,
        "13": 12,
        "14": 12,
        "15": 12,
        "16": 12
      },
      "Mat 303": {
        "12": 910,
        "13": 910
      },
      "Mat 306": {
        "12": 910,
        "13": 910,
        "14": 927
      },
      "Mat 307": {},
      "Mat 308": {
        "12": 1022,
        "13": 1022,
        "17": 575,
        "18": 575
      },
      "Mat 309": {
        "9": 927,
        "11": 926,
        "12": 926,
        "15": 927,
        "16": 927
      },
      "Mat 310": {
        "11": 927,
        "12": 1022,
        "13": 1022,
        "14": 927,
        "15": 927,
        "16": 927,
        "17": 927
      },
      "Mat 311": {
        "7": 1023,
        "8": 1023,
        "9": 1023,
        "10": 1023,
        "11": 1023,
        "12": 1023,
        "13": 1023,
        "14": 1023,
        "15": 1023,
        "16": 1023,
        "17": 1023,
        "18": 1023,
        "19": 1023,
        "20": 1023,
        "21": 1023
      },
      "Mat 312": {
        "13": 927,
        "14": 927,
        "15": 927,
        "17": 927
      },
      "Mat 313": {
        "12": 910,
        "13": 910,
        "15": 959,
        "16": 959,
        "17": 959
      },
      "AGSM G03": {
        "8": 32,
        "9": 34,
        "10": 34,
        "11": 34,
        "12": 34,
        "13": 34,
        "14": 34,
        "15": 34,
        "16": 34,
        "17": 34,
        "18": 32,
        "19": 32,
        "20": 32
      },
      "AGSM LG06": {
        "11": 988,
        "12": 910,
        "13": 910,
        "14": 927,
        "15": 927
      },
      "AGSM LG07": {
        "9": 8,
        "10": 8,
        "11": 8,
        "12": 8
      }
    },
    "sat": {
      "MorvB G3": {},
      "MorvB G4": {},
      "MorvB G5": {},
      "MorvB G6": {
        "9": 34,
        "10": 34,
        "11": 34,
        "12": 34,
        "13": 34,
        "14": 34,
        "15": 34,
        "16": 34
      },
      "MorvB LG2": {},
      "MorvB LG30": {},
      "Biosci G07": {
        "11": 510,
        "12": 510
      },
      "JGoodsLG19": {},
      "JGoodsLG21": {},
      "Lib 176A": {},
      "Lib 176B": {},
      "Mat 101": {
        "9": 255,
        "10": 255,
        "11": 255,
        "12": 255,
        "13": 255,
        "14": 255,
        "15": 255,
        "16": 255,
        "17": 255,
        "18": 4,
        "19": 4,
        "20": 4,
        "21": 4
      },
      "Mat 102": {
        "9": 255,
        "10": 255,
        "11": 255,
        "12": 255,
        "13": 255,
        "14": 255,
        "15": 255,
        "16": 255,
        "17": 255,
        "18": 4,
        "19": 4,
        "20": 4,
        "21": 4
      },
      "Mat 103": {
        "9": 4,
        "10": 4,
        "11": 4,
        "12": 6,
        "13": 6,
        "14": 6,
        "15": 2,
        "16": 2,
        "17": 2
      },
      "Mat 104": {
        "10": 4,
        "11": 6,
        "12": 6,
        "13": 6,
        "14": 6,
        "15": 6,
        "16": 6,
        "17": 6,
        "18": 4,
        "19": 4
      },
      "Mat 105": {
        "9": 4,
        "10": 4,
        "11": 6,
        "12": 6,
        "13": 6,
        "14": 6,
        "15": 2,
        "16": 2,
        "17": 2
      },
      "Mat 106": {
        "9": 1,
        "10": 5,
        "11": 5,
        "12": 5,
        "13": 5,
        "14": 5,
        "15": 5,
        "16": 5,
        "17": 4,
        "18": 4,
        "19": 4
      },
      "Mat 107": {
        "9": 255,
        "10": 255,
        "11": 255,
        "12": 255,
        "13": 255,
        "14": 255,
        "15": 255,
        "16": 255,
        "17": 255
      },
      "Mat 108": {},
      "Mat 214": {},
      "Mat 226": {},
      "Mat 227": {},
      "Mat 228": {},
      "Mat 230": {},
      "Mat 231": {
        "17": 42,
        "18": 42,
        "19": 42,
        "20": 42,
        "21": 42
      },
      "Mat 232": {
        "17": 42,
        "18": 42,
        "19": 42,
        "20": 42,
        "21": 42
      },
      "Mat 301": {
        "7": 1023,
        "8": 1023,
        "9": 1023,
        "10": 1023,
        "11": 1023,
        "12": 1023,
        "13": 1023,
        "14": 1023,
        "15": 1023,
        "16": 1023,
        "17": 1023,
        "18": 1023,
        "19": 1023,
        "20": 1023,
        "21": 1023
      },
      "Mat 302": {
        "10": 4,
        "11": 4,
        "12": 4,
        "13": 4,
        "14": 4,
        "15": 4,
        "16": 4
      },
      "Mat 303": {},
      "Mat 306": {},
      "Mat 307": {},
      "Mat 308": {},
      "Mat 309": {},
      "Mat 310": {},
      "Mat 311": {
        "7": 1023,
        "8": 1023,
        "9": 1023,
        "10": 1023,
        "11": 1023,
        "12": 1023,
        "13": 1023,
        "14": 1023,
        "15": 1023,
        "16": 1023,
        "17": 1023,
        "18": 1023,
        "19": 1023,
        "20": 1023,
        "21": 1023
      },
      "Mat 312": {},
      "Mat 313": {},
      "AGSM G03": {
        "8": 264,
        "9": 264,
        "10": 264,
        "11": 264,
        "12": 264,
        "13": 264,
        "14": 264,
        "15": 264,
        "16": 264,
        "17": 264
      },
      "AGSM LG06": {},
      "AGSM LG07": {}
    },
    "sun": {
      "MorvB G3": {},
      "MorvB G4": {},
      "MorvB G5": {},
      "MorvB G6": {},
      "MorvB LG2": {},
      "MorvB LG30": {},
      "Biosci G07": {},
      "JGoodsLG19": {},
      "JGoodsLG21": {},
      "Lib 176A": {},
      "Lib 176B": {},
      "Mat 101": {},
      "Mat 102": {
        "12": 4,
        "13": 4,
        "14": 4
      },
      "Mat 103": {
        "9": 1,
        "10": 1,
        "11": 1,
        "12": 5,
        "13": 5,
        "14": 7,
        "15": 3,
        "16": 3,
        "17": 3
      },
      "Mat 104": {},
      "Mat 105": {},
      "Mat 106": {},
      "Mat 107": {},
      "Mat 108": {},
      "Mat 214": {},
      "Mat 226": {},
      "Mat 227": {},
      "Mat 228": {},
      "Mat 230": {},
      "Mat 231": {},
      "Mat 232": {},
      "Mat 301": {
        "7": 1023,
        "8": 1023,
        "9": 1023,
        "10": 1023,
        "11": 1023,
        "12": 1023,
        "13": 1023,
        "14": 1023,
        "15": 1023,
        "16": 1023,
        "17": 1023,
        "18": 1023,
        "19": 1023,
        "20": 1023,
        "21": 1023
      },
      "Mat 302": {
        "10": 4,
        "11": 4,
        "12": 4,
        "13": 4,
        "14": 4,
        "15": 4,
        "16": 4
      },
      "Mat 303": {},
      "Mat 306": {},
      "Mat 307": {},
      "Mat 308": {},
      "Mat 309": {},
      "Mat 310": {},
      "Mat 311": {
        "7": 1023,
        "8": 1023,
        "9": 1023,
        "10": 1023,
        "11": 1023,
        "12": 1023,
        "13": 1023,
        "14": 1023,
        "15": 1023,
        "16": 1023,
        "17": 1023,
        "18": 1023,
        "19": 1023,
        "20": 1023,
        "21": 1023
      },
      "Mat 312": {},
      "Mat 313": {},
      "AGSM G03": {
        "8": 264,
        "9": 264,
        "10": 264,
        "11": 264,
        "12": 264,
        "13": 264,
        "14": 264,
        "15": 264,
        "16": 264,
        "17": 264
      },
      "AGSM LG06": {},
      "AGSM LG07": {}
    }
  },
  "meta": {
    "from": "2021-02-15 00:00:00",
    "to": "2021-04-25 00:00:00",
    "term": "T1"
  }
}